﻿{"cameraMode":{"drawMode":0,"name":"Shaded","section":"Shading Mode"},"sceneLighting":true,"audioPlay":false,"sceneViewState":{"showFog":true,"showMaterialUpdate":false,"showSkybox":true,"showFlares":true,"showImageEffects":true,"showParticleSystems":true},"in2DMode":false,"pivot":{"x":0.5082499980926514,"y":-10.182281494140625,"z":10.779228210449219},"rotation":{"x":0.534772515296936,"y":0.012668443843722344,"z":-0.008019302040338517,"w":0.8448631167411804},"size":133.06710815429688,"orthographic":false}